Num,Link
1,https://goteamup.com/p/135
2,https://goteamup.com/p/137
3,https://goteamup.com/p/157
4,https://goteamup.com/p/6483
5,https://goteamup.com/p/7323
6,https://goteamup.com/p/7850
7,https://goteamup.com/p/8337
8,https://goteamup.com/p/8422
9,https://goteamup.com/p/8426
10,https://goteamup.com/p/8481
11,https://goteamup.com/p/8766
12,https://goteamup.com/p/8770
13,https://goteamup.com/p/10716
14,https://goteamup.com/p/10840
15,https://goteamup.com/p/11084
16,https://goteamup.com/p/11234
17,https://goteamup.com/p/12028
18,https://goteamup.com/p/12041
19,https://goteamup.com/p/13006
20,https://goteamup.com/p/14431
21,https://goteamup.com/p/14562
22,https://goteamup.com/p/14835
23,https://goteamup.com/p/15298
24,https://goteamup.com/p/15977
25,https://goteamup.com/p/16334
26,https://goteamup.com/p/16437
27,https://goteamup.com/p/17246
28,https://goteamup.com/p/17273
29,https://goteamup.com/p/17892
30,https://goteamup.com/p/18135
31,https://goteamup.com/p/21123
32,https://goteamup.com/p/22569
33,https://goteamup.com/p/23003
34,https://goteamup.com/p/23083
35,https://goteamup.com/p/23294
36,https://goteamup.com/p/23828
37,https://goteamup.com/p/24758
38,https://goteamup.com/p/24937
39,https://goteamup.com/p/25622
40,https://goteamup.com/p/27787
41,https://goteamup.com/p/28101
42,https://goteamup.com/p/28238
43,https://goteamup.com/p/29355
44,https://goteamup.com/p/30307
45,https://goteamup.com/p/30319
46,https://goteamup.com/p/30849
47,https://goteamup.com/p/31461
48,https://goteamup.com/p/31824
49,https://goteamup.com/p/31985
50,https://goteamup.com/p/32124
51,https://goteamup.com/p/32496
52,https://goteamup.com/p/33004
53,https://goteamup.com/p/35357
54,https://goteamup.com/p/35380
55,https://goteamup.com/p/36335
56,https://goteamup.com/p/37635
57,https://goteamup.com/p/38040
58,https://goteamup.com/p/39027
59,https://goteamup.com/p/40823
60,https://goteamup.com/p/40906
61,https://goteamup.com/p/41396
62,https://goteamup.com/p/41640
63,https://goteamup.com/p/42483
64,https://goteamup.com/p/45038
65,https://goteamup.com/p/47514
66,https://goteamup.com/p/47516
67,https://goteamup.com/p/47660
68,https://goteamup.com/p/47775
69,https://goteamup.com/p/50925
70,https://goteamup.com/p/51564
71,https://goteamup.com/p/54664
72,https://goteamup.com/p/54843
73,https://goteamup.com/p/55397
74,https://goteamup.com/p/56200
75,https://goteamup.com/p/57266
76,https://goteamup.com/p/58217
77,https://goteamup.com/p/58492
78,https://goteamup.com/p/60612
79,https://goteamup.com/p/60970
80,https://goteamup.com/p/61323
81,https://goteamup.com/p/62055
82,https://goteamup.com/p/62340
83,https://goteamup.com/p/62556
84,https://goteamup.com/p/62884
85,https://goteamup.com/p/62889
86,https://goteamup.com/p/64352
87,https://goteamup.com/p/66246
88,https://goteamup.com/p/66437
89,https://goteamup.com/p/67312
90,https://goteamup.com/p/67931
91,https://goteamup.com/p/68407
92,https://goteamup.com/p/68830
93,https://goteamup.com/p/68983
94,https://goteamup.com/p/69210
95,https://goteamup.com/p/70214
96,https://goteamup.com/p/70829
97,https://goteamup.com/p/70923
98,https://goteamup.com/p/71403
99,https://goteamup.com/p/71705
100,https://goteamup.com/p/74250
101,https://goteamup.com/p/74655
102,https://goteamup.com/p/74848
103,https://goteamup.com/p/75984
104,https://goteamup.com/p/76898
105,https://goteamup.com/p/77034
106,https://goteamup.com/p/77055
107,https://goteamup.com/p/77588
108,https://goteamup.com/p/78380
109,https://goteamup.com/p/78617
110,https://goteamup.com/p/78687
111,https://goteamup.com/p/78934
112,https://goteamup.com/p/79295
113,https://goteamup.com/p/79579
114,https://goteamup.com/p/80662
115,https://goteamup.com/p/80689
116,https://goteamup.com/p/80752
117,https://goteamup.com/p/81009
118,https://goteamup.com/p/81119
119,https://goteamup.com/p/81724
120,https://goteamup.com/p/82004
121,https://goteamup.com/p/82405
122,https://goteamup.com/p/82557
123,https://goteamup.com/p/82565
124,https://goteamup.com/p/82580
125,https://goteamup.com/p/83090
126,https://goteamup.com/p/83460
127,https://goteamup.com/p/83955
128,https://goteamup.com/p/84127
129,https://goteamup.com/p/84544
130,https://goteamup.com/p/84840
131,https://goteamup.com/p/85581
132,https://goteamup.com/p/85987
133,https://goteamup.com/p/86588
134,https://goteamup.com/p/86924
135,https://goteamup.com/p/87002
136,https://goteamup.com/p/87781
137,https://goteamup.com/p/88113
138,https://goteamup.com/p/88216
139,https://goteamup.com/p/88231
140,https://goteamup.com/p/88268
141,https://goteamup.com/p/91808
142,https://goteamup.com/p/92255
143,https://goteamup.com/p/92344
144,https://goteamup.com/p/92426
145,https://goteamup.com/p/95447
146,https://goteamup.com/p/98523
147,https://goteamup.com/p/98693
148,https://goteamup.com/p/99575
149,https://goteamup.com/p/99778
